Timestamp,Prediction x,Ground truth x,Prediction y,Ground truth y,Absolute error x,Absolute error y,2D Manhattan error,2D Euclidean error
2023-08-12 11:46:00,14289.761,14266.0,-5352.1304,-5396.0,23.760742,43.86963,67.63037,49.891052
2023-08-12 11:46:00,14889.548,15000.0,-6368.2354,-6326.0,110.45215,42.23535,152.6875,118.25186
2023-08-12 11:46:00,15025.573,15000.0,-6715.043,-6664.0,25.573242,51.04297,76.61621,57.090942
2023-08-12 11:46:00,14305.258,14266.0,-4689.8833,-4666.0,39.257812,23.8833,63.141113,45.95202
2023-08-12 11:46:00,14669.584,14502.0,-4388.826,-4351.0,167.58398,37.82617,205.41016,171.79991
2023-08-12 11:46:00,14481.836,14456.0,-7533.6626,-7680.0,25.835938,146.3374,172.17334,148.60057
2023-08-12 11:46:00,14980.332,15000.0,-7134.6377,-7285.0,19.667969,150.3623,170.03027,151.64317
2023-08-12 11:46:00,15000.925,15000.0,-7385.844,-7479.0,0.9248047,93.15576,94.08057,93.160355
2023-08-12 11:46:00,14561.617,14740.0,-6399.604,-6611.0,178.38281,211.396,389.7788,276.60205
2023-08-12 11:46:00,15005.063,15000.0,-4803.4946,-4705.0,5.0634766,98.49463,103.558105,98.624695
2023-08-12 11:46:00,14507.163,14495.0,-6204.7905,-6611.0,12.163086,406.20947,418.37256,406.39154
2023-08-12 11:46:00,14481.591,14495.0,-5942.6997,-5981.0,13.40918,38.300293,51.709473,40.57978
2023-08-12 11:46:00,14989.812,15000.0,-5080.842,-5050.0,10.188477,30.841797,41.030273,32.481094
2023-08-12 11:46:00,14510.52,14495.0,-6240.262,-6283.0,15.519531,42.737793,58.257324,45.46839
2023-08-12 11:46:00,15005.195,15000.0,-7013.174,-7017.0,5.1953125,3.8261719,9.021484,6.4521985
2023-08-12 11:46:00,14311.631,14266.0,-4537.0005,-4351.0,45.63086,186.00049,231.63135,191.51595
2023-08-12 11:46:00,15008.965,15000.0,-5271.8164,-5351.0,8.964844,79.18359,88.14844,79.68946
2023-08-12 11:46:00,14347.351,14266.0,-5670.266,-5730.0,81.350586,59.733887,141.08447,100.92599
2023-08-12 11:46:00,14968.711,15000.0,-6156.0957,-5960.0,31.289062,196.0957,227.38477,198.57625
2023-08-12 11:46:00,14459.833,14495.0,-5781.285,-5602.0,35.166992,179.28516,214.45215,182.70163
2023-08-12 11:46:00,14740.601,14744.0,-4296.76,-4351.0,3.399414,54.240234,57.63965,54.346653
2023-08-12 11:46:00,15015.102,15000.0,-4665.4536,-4351.0,15.1015625,314.4536,329.55518,314.81604
2023-08-12 11:46:00,14273.448,14266.0,-5161.96,-5033.0,7.448242,128.95996,136.4082,129.17488
2023-08-12 11:46:00,14620.92,14740.0,-5839.791,-5981.0,119.08008,141.20898,260.28906,184.71611
2023-08-12 11:46:00,14255.904,14266.0,-7098.202,-7240.0,10.095703,141.79785,151.89355,142.1568
2023-08-12 11:46:00,15417.872,15337.0,-5768.5503,-5960.0,80.87207,191.4497,272.32178,207.82994
2023-08-12 11:46:00,14290.96,14266.0,-7487.2476,-7680.0,24.95996,192.75244,217.7124,194.36179
2023-08-12 11:46:00,15019.022,15000.0,-5686.442,-5620.0,19.02246,66.441895,85.464355,69.11136
2023-08-12 11:46:00,14637.651,14740.0,-6401.1504,-6283.0,102.34863,118.15039,220.49902,156.31621
2023-08-12 11:46:00,14376.012,14266.0,-6623.169,-6842.0,110.01172,218.83105,328.84277,244.92776
2023-08-12 11:46:00,15428.004,15577.0,-5562.4795,-5061.0,148.9961,501.4795,650.4756,523.1458
2023-08-12 11:46:00,14985.925,14744.0,-7481.512,-7680.0,241.9248,198.4878,440.4126,312.92972
2023-08-12 11:46:00,15802.339,15929.0,-5991.0967,-5960.0,126.66113,31.09668,157.75781,130.42258
2023-08-12 11:46:00,14391.705,14266.0,-5828.221,-6124.0,125.70508,295.7788,421.4839,321.38275
2023-08-12 11:46:00,15336.968,15323.0,-5245.4575,-5162.0,13.967773,83.45752,97.42529,84.6183
2023-08-12 11:46:00,15577.376,15628.0,-5988.108,-5960.0,50.624023,28.10791,78.73193,57.90377
2023-08-12 11:46:00,14976.474,15000.0,-7472.202,-7680.0,23.526367,207.79785,231.32422,209.1254
2023-08-14 13:07:00,15001.303,15000.0,-7430.9536,-7680.0,1.3027344,249.04639,250.34912,249.04979
2023-08-14 13:07:00,15427.819,15577.0,-5813.2256,-5061.0,149.18066,752.2256,901.40625,766.8756
2023-08-14 13:07:00,14332.5625,14266.0,-6641.029,-6842.0,66.5625,200.97119,267.5337,211.7073
2023-08-14 13:07:00,15573.824,15628.0,-6005.1836,-5960.0,54.17578,45.183594,99.359375,70.54482
2023-08-14 13:07:00,15832.696,15929.0,-5968.4956,-5960.0,96.30371,8.495605,104.79932,96.67771
2023-08-14 13:07:00,14308.33,14266.0,-7500.8574,-7680.0,42.33008,179.14258,221.47266,184.07579
2023-08-14 13:07:00,15091.862,15337.0,-6407.151,-5960.0,245.1377,447.15088,692.2886,509.93762
2023-08-14 13:07:00,14678.014,14456.0,-7510.494,-7680.0,222.01367,169.50586,391.51953,279.32474
2023-08-14 13:07:00,14281.754,14266.0,-5015.904,-5033.0,15.753906,17.096191,32.850098,23.24791
2023-08-14 13:07:00,14741.05,14740.0,-6429.851,-6611.0,1.0498047,181.14893,182.19873,181.15196
2023-08-14 13:07:00,15014.846,15000.0,-4668.42,-4705.0,14.845703,36.58008,51.42578,39.477806
2023-08-14 13:07:00,15009.179,15000.0,-4440.1963,-4351.0,9.178711,89.19629,98.375,89.66731
2023-08-14 13:07:00,14285.843,14266.0,-5323.7837,-5396.0,19.842773,72.21631,92.05908,74.8928
2023-08-14 13:07:00,14305.107,14266.0,-4534.41,-4351.0,39.10742,183.41016,222.51758,187.53313
2023-08-14 13:07:00,14751.412,14740.0,-6229.6377,-6283.0,11.412109,53.362305,64.774414,54.568966
2023-08-14 13:07:00,14989.377,15000.0,-6223.2627,-6326.0,10.623047,102.737305,113.36035,103.28506
2023-08-14 13:07:00,14999.35,15000.0,-7375.8604,-7479.0,0.6503906,103.13965,103.79004,103.1417
2023-08-14 13:07:00,15003.759,15000.0,-7278.2896,-7285.0,3.758789,6.710449,10.469238,7.6914644
2023-08-14 13:07:00,14986.982,14744.0,-7538.465,-7680.0,242.98242,141.53516,384.51758,281.1986
2023-08-14 13:07:00,14431.444,14495.0,-5671.1597,-5981.0,63.555664,309.84033,373.396,316.29156
2023-08-14 13:07:00,14995.927,15000.0,-7135.2354,-7017.0,4.073242,118.23535,122.30859,118.30549
2023-08-14 13:07:00,15322.971,15323.0,-5127.254,-5162.0,0.029296875,34.746094,34.77539,34.746105
2023-08-14 13:07:00,14994.423,15000.0,-5063.3804,-5050.0,5.5771484,13.380371,18.95752,14.496169
2023-08-14 13:07:00,14661.379,14502.0,-4453.4136,-4351.0,159.3789,102.413574,261.79248,189.44702
2023-08-14 13:07:00,14408.528,14495.0,-5757.2437,-5602.0,86.47168,155.24365,241.71533,177.70184
2023-08-14 13:07:00,14990.771,15000.0,-6668.091,-6664.0,9.228516,4.0908203,13.319336,10.094568
2023-08-14 13:07:00,14288.096,14266.0,-5588.478,-5730.0,22.095703,141.52197,163.61768,143.23648
2023-08-14 13:07:00,15115.024,15000.0,-5495.136,-5620.0,115.024414,124.86377,239.88818,169.7692
2023-08-14 13:07:00,15047.743,15000.0,-5759.0845,-5960.0,47.743164,200.91553,248.65869,206.5102
2023-08-14 13:07:00,14726.164,14744.0,-4445.56,-4351.0,17.835938,94.56006,112.395996,96.22747
2023-08-14 13:07:00,15010.096,15000.0,-5507.025,-5351.0,10.095703,156.0249,166.1206,156.35118
2023-08-14 13:07:00,14503.567,14495.0,-6401.731,-6283.0,8.567383,118.73096,127.29834,119.03966
2023-08-14 13:07:00,14317.824,14266.0,-5961.4585,-6124.0,51.82422,162.5415,214.36572,170.60332
2023-08-14 13:07:00,14533.216,14740.0,-5866.9863,-5981.0,206.78418,114.01367,320.79785,236.13304
2023-08-14 13:07:00,14510.593,14495.0,-6417.363,-6611.0,15.592773,193.6372,209.22998,194.26399
2023-08-14 13:07:00,14276.894,14266.0,-6917.9946,-7240.0,10.893555,322.00537,332.89893,322.1896
2023-08-14 13:07:00,14315.623,14266.0,-4734.8267,-4666.0,49.623047,68.82666,118.44971,84.8502
2023-08-15 15:18:00,15004.91,15000.0,-6662.3643,-6664.0,4.9101562,1.6357422,6.5458984,5.1754503
2023-08-15 15:18:00,14985.269,15000.0,-7243.912,-7285.0,14.731445,41.08789,55.819336,43.648945
2023-08-15 15:18:00,14281.976,14266.0,-7031.9756,-7240.0,15.975586,208.02441,224.0,208.63695
2023-08-15 15:18:00,14441.526,14456.0,-7588.23,-7680.0,14.473633,91.77002,106.24365,92.90437
2023-08-15 15:18:00,14990.85,15000.0,-5067.533,-5050.0,9.150391,17.533203,26.683594,19.777332
2023-08-15 15:18:00,15013.748,15000.0,-5680.538,-5620.0,13.748047,60.538086,74.28613,62.079536
2023-08-15 15:18:00,14637.669,14744.0,-7494.0693,-7680.0,106.331055,185.93066,292.26172,214.188
2023-08-15 15:18:00,14274.961,14266.0,-7448.5664,-7680.0,8.9609375,231.4336,240.39453,231.60701
2023-08-15 15:18:00,14980.217,15000.0,-7378.7275,-7680.0,19.783203,301.27246,321.05566,301.9213
2023-08-15 15:18:00,15032.549,15000.0,-6011.6494,-6326.0,32.54883,314.3506,346.8994,316.0312
2023-08-15 15:18:00,15016.481,15000.0,-4507.452,-4351.0,16.481445,156.45215,172.9336,157.31787
2023-08-15 15:18:00,15006.83,15000.0,-7326.6113,-7479.0,6.830078,152.38867,159.21875,152.54166
2023-08-15 15:18:00,14309.306,14266.0,-6691.7554,-6842.0,43.305664,150.24463,193.5503,156.36122
2023-08-15 15:18:00,15016.717,15000.0,-4586.1064,-4705.0,16.716797,118.893555,135.61035,120.06302
2023-08-15 15:18:00,15010.248,15000.0,-5969.255,-5960.0,10.248047,9.254883,19.50293,13.808523
2023-08-15 15:18:00,14999.69,15000.0,-7092.923,-7017.0,0.3095703,75.92285,76.23242,75.923485
2023-08-15 15:18:00,14992.883,15000.0,-5140.4595,-5351.0,7.1171875,210.54053,217.65771,210.6608
2023-08-15 15:22:00,15617.456,15929.0,-5807.3125,-5960.0,311.54395,152.6875,464.23145,346.94827
2023-08-15 15:22:00,14251.268,14266.0,-5790.5366,-5730.0,14.732422,60.53662,75.26904,62.303505
2023-08-15 15:22:00,14474.448,14495.0,-5731.517,-6283.0,20.551758,551.4829,572.03467,551.8657
2023-08-15 15:22:00,14444.388,14495.0,-5749.998,-5602.0,50.612305,147.99805,198.61035,156.41301
2023-08-15 15:22:00,14438.439,14495.0,-5593.905,-5981.0,56.560547,387.0952,443.65576,391.20557
2023-08-15 15:22:00,14939.343,14740.0,-5988.809,-5981.0,199.34277,7.809082,207.15186,199.49567
2023-08-15 15:22:00,14312.291,14266.0,-4698.465,-4666.0,46.291016,32.464844,78.75586,56.540466
2023-08-15 15:22:00,15675.762,15628.0,-5885.8896,-5960.0,47.76172,74.11035,121.87207,88.1676
2023-08-15 15:22:00,14789.549,14502.0,-4445.1973,-4351.0,287.54883,94.197266,381.7461,302.58463
2023-08-15 15:22:00,14276.77,14266.0,-5094.65,-5033.0,10.769531,61.649902,72.41943,62.583492
2023-08-15 15:22:00,14895.299,14744.0,-4413.42,-4351.0,151.29883,62.41992,213.71875,163.66913
2023-08-15 15:22:00,15611.908,15337.0,-5911.9365,-5960.0,274.9082,48.063477,322.97168,279.07816
2023-08-15 15:22:00,14516.523,14495.0,-5956.984,-6611.0,21.523438,654.0161,675.53955,654.3702
2023-08-15 15:22:00,14298.397,14266.0,-5359.2305,-5396.0,32.39746,36.76953,69.16699,49.006058
2023-08-15 15:22:00,14801.993,14740.0,-6345.188,-6283.0,61.993164,62.18799,124.18115,87.80944
2023-08-15 15:22:00,15311.254,15323.0,-5212.4653,-5162.0,11.746094,50.465332,62.211426,51.81429
2023-08-15 15:22:00,15619.932,15577.0,-5288.561,-5061.0,42.93164,227.56104,270.49268,231.57536
2023-08-15 15:22:00,14309.307,14266.0,-6002.6377,-6124.0,43.30664,121.362305,164.66895,128.85757
2023-08-15 15:22:00,14310.492,14266.0,-4528.7163,-4351.0,44.492188,177.71631,222.2085,183.2011
2023-08-15 15:22:00,14818.725,14740.0,-6381.981,-6611.0,78.72461,229.01904,307.74365,242.17201
2023-08-16 16:02:00,14512.419,14744.0,-7549.6924,-7680.0,231.58105,130.30762,361.88867,265.72516
2023-08-16 16:02:00,14342.899,14266.0,-6000.7617,-6124.0,76.899414,123.23828,200.1377,145.2625
2023-08-16 16:02:00,14994.441,15000.0,-6764.7944,-6664.0,5.5585938,100.79443,106.35303,100.94759
2023-08-16 16:02:00,14815.795,14266.0,-6661.691,-6842.0,549.7949,180.30908,730.104,578.6068
2023-08-16 16:02:00,15004.66,15000.0,-7297.7266,-7285.0,4.6601562,12.7265625,17.386719,13.55295
2023-08-16 16:02:00,15734.217,15577.0,-5971.0723,-5061.0,157.2168,910.07227,1067.2891,923.5522
2023-08-16 16:02:00,15547.306,15337.0,-6000.143,-5960.0,210.30566,40.143066,250.44873,214.10263
2023-08-16 16:02:00,15682.732,15929.0,-5987.0264,-5960.0,246.26758,27.026367,273.29395,247.74612
2023-08-16 16:02:00,15011.479,15000.0,-5620.644,-5620.0,11.478516,0.64404297,12.122559,11.49657
2023-08-16 16:02:00,14332.978,14266.0,-6910.0356,-7240.0,66.97754,329.96436,396.9419,336.69342
2023-08-16 16:02:00,14531.858,14495.0,-6179.9834,-6283.0,36.8584,103.0166,139.875,109.41189
2023-08-16 16:02:00,15649.824,15628.0,-5944.882,-5960.0,21.824219,15.118164,36.942383,26.549112
2023-08-16 16:02:00,14672.238,14502.0,-4423.0576,-4351.0,170.23828,72.05762,242.2959,184.86041
2023-08-16 16:02:00,15010.232,15000.0,-4754.4146,-4705.0,10.232422,49.41455,59.646973,50.46286
2023-08-16 16:02:00,14991.277,15000.0,-5180.9653,-5050.0,8.722656,130.96533,139.68799,131.25548
2023-08-16 16:02:00,14357.056,14266.0,-7499.8604,-7680.0,91.055664,180.13965,271.1953,201.84505
2023-08-16 16:02:00,14332.121,14266.0,-4864.409,-4666.0,66.12109,198.40918,264.53027,209.13681
2023-08-16 16:02:00,14441.657,14495.0,-5616.1772,-5981.0,53.342773,364.82275,418.16553,368.7019
2023-08-16 16:02:00,14722.865,15000.0,-7529.4395,-7680.0,277.13477,150.56055,427.6953,315.39206
2023-08-16 16:02:00,14998.824,15000.0,-5291.8804,-5351.0,1.1757812,59.11963,60.29541,59.13132
2023-08-16 16:02:00,15176.886,14740.0,-5550.489,-5981.0,436.88574,430.51123,867.397,613.3588
2023-08-16 16:02:00,14805.559,14740.0,-6413.345,-6611.0,65.55859,197.65479,263.21338,208.24347
2023-08-16 16:02:00,14756.045,14740.0,-6324.817,-6283.0,16.044922,41.816895,57.861816,44.78942
2023-08-16 16:02:00,14333.083,14266.0,-5375.5884,-5396.0,67.08301,20.411621,87.49463,70.119644
2023-08-16 16:02:00,14546.853,14495.0,-5850.3345,-5602.0,51.85254,248.33447,300.187,253.69017
2023-08-16 16:02:00,14525.748,14495.0,-6179.948,-6611.0,30.748047,431.05176,461.7998,432.14703
2023-08-16 16:02:00,15001.899,15000.0,-4706.5605,-4351.0,1.8994141,355.56055,357.45996,355.5656
2023-08-16 16:02:00,14300.776,14266.0,-4488.771,-4351.0,34.776367,137.771,172.54736,142.09238
2023-08-16 16:02:00,15021.288,15000.0,-6171.367,-6326.0,21.288086,154.63281,175.9209,156.09128
2023-08-16 16:02:00,14993.251,15000.0,-7058.5166,-7017.0,6.7490234,41.5166,48.265625,42.061592
2023-08-16 16:02:00,15234.658,15323.0,-5379.099,-5162.0,88.3418,217.09912,305.44092,234.38495
2023-08-16 16:02:00,14298.238,14266.0,-5103.6826,-5033.0,32.23828,70.68262,102.9209,77.68745
2023-08-16 16:02:00,15044.924,15000.0,-5913.6206,-5960.0,44.92383,46.379395,91.30322,64.569336
2023-08-16 16:02:00,14706.734,14744.0,-4369.856,-4351.0,37.265625,18.855957,56.121582,41.764507
2023-08-16 16:02:00,14333.052,14266.0,-5669.3364,-5730.0,67.05176,60.663574,127.71533,90.42128
2023-08-16 16:02:00,15002.445,15000.0,-7337.415,-7479.0,2.4453125,141.58496,144.03027,141.60608
2023-08-16 16:02:00,14526.185,14456.0,-7619.101,-7680.0,70.18457,60.898926,131.0835,92.922295
2023-08-17 16:19:00,14285.406,14266.0,-4689.921,-4666.0,19.40625,23.920898,43.32715,30.802792
2023-08-17 16:19:00,15779.451,15929.0,-5966.5537,-5960.0,149.54883,6.553711,156.10254,149.69237
2023-08-17 16:19:00,14556.76,14495.0,-6459.878,-6611.0,61.759766,151.12207,212.88184,163.25485
2023-08-17 16:19:00,14566.314,14495.0,-6382.7383,-5602.0,71.31445,780.7383,852.05273,783.9885
2023-08-17 16:19:00,15016.503,15000.0,-5616.5957,-5620.0,16.50293,3.4042969,19.907227,16.850397
2023-08-17 16:19:00,14301.922,14266.0,-4504.1636,-4351.0,35.921875,153.16357,189.08545,157.31961
2023-08-17 16:19:00,14285.354,14266.0,-5963.872,-6124.0,19.353516,160.12793,179.48145,161.29324
2023-08-17 16:19:00,14870.644,15000.0,-7483.926,-7680.0,129.35645,196.07422,325.43066,234.90038
2023-08-17 16:19:00,15374.251,15577.0,-5797.736,-5061.0,202.74902,736.73584,939.48486,764.1249
2023-08-17 16:19:00,14988.038,15000.0,-5170.3745,-5050.0,11.961914,120.37451,132.33643,120.96739
2023-08-17 16:19:00,15018.503,15000.0,-7309.1206,-7285.0,18.50293,24.120605,42.623535,30.400032
2023-08-17 16:19:00,15351.252,15323.0,-5187.5684,-5162.0,28.251953,25.56836,53.820312,38.10399
2023-08-17 16:19:00,15021.672,15000.0,-7453.9717,-7479.0,21.671875,25.02832,46.700195,33.107204
2023-08-17 16:19:00,14726.277,14740.0,-6577.7954,-6611.0,13.722656,33.20459,46.927246,35.928486
2023-08-17 16:19:00,15010.485,15000.0,-6568.945,-6326.0,10.485352,242.94482,253.43018,243.17099
2023-08-17 16:19:00,14743.903,14744.0,-7602.2573,-7680.0,0.09667969,77.742676,77.839355,77.74274
2023-08-17 16:19:00,14379.74,14266.0,-6582.162,-6842.0,113.740234,259.8379,373.57812,283.64163
2023-08-17 16:19:00,14442.869,14456.0,-7578.5996,-7680.0,13.130859,101.40039,114.53125,102.24705
2023-08-17 16:19:00,14997.944,15000.0,-5330.006,-5351.0,2.055664,20.99414,23.049805,21.094542
2023-08-17 16:19:00,15018.814,15000.0,-5813.6436,-5960.0,18.814453,146.35645,165.1709,147.5608
2023-08-17 16:19:00,14664.631,14502.0,-4480.2974,-4351.0,162.63086,129.29736,291.92822,207.76575
2023-08-17 16:19:00,15713.802,15628.0,-5935.2617,-5960.0,85.80176,24.738281,110.54004,89.29683
2023-08-17 16:19:00,14683.373,14740.0,-5886.4766,-5981.0,56.626953,94.52344,151.15039,110.18754
2023-08-17 16:19:00,14507.543,14495.0,-6402.982,-6283.0,12.542969,119.98193,132.5249,120.63577
2023-08-17 16:19:00,15006.945,15000.0,-4819.414,-4705.0,6.9453125,114.41406,121.359375,114.62467
2023-08-17 16:19:00,15011.581,15000.0,-7167.8984,-7017.0,11.581055,150.89844,162.47949,151.3422
2023-08-17 16:19:00,15601.079,15337.0,-5941.5024,-5960.0,264.0791,18.497559,282.57666,264.72614
2023-08-17 16:19:00,14326.775,14266.0,-5567.765,-5730.0,60.77539,162.23486,223.01025,173.2449
2023-08-17 16:19:00,14267.4795,14266.0,-4960.264,-5033.0,1.4794922,72.73584,74.21533,72.750885
2023-08-17 16:19:00,14484.936,14495.0,-6219.5557,-5981.0,10.064453,238.55566,248.62012,238.76787
2023-08-17 16:19:00,14997.739,15000.0,-4707.84,-4351.0,2.2607422,356.83984,359.1006,356.847
2023-08-17 16:19:00,14332.804,14266.0,-6957.5674,-7240.0,66.80371,282.43262,349.23633,290.22562
2023-08-17 16:19:00,14301.849,14266.0,-5294.0825,-5396.0,35.848633,101.91748,137.76611,108.03841
2023-08-17 16:19:00,15000.044,15000.0,-7010.3013,-6664.0,0.043945312,346.30127,346.3452,346.30127
2023-08-17 16:19:00,14797.015,14740.0,-6512.7334,-6283.0,57.01465,229.7334,286.74805,236.70256
2023-08-17 16:19:00,14314.354,14266.0,-7492.6343,-7680.0,48.353516,187.36572,235.71924,193.50446
2023-08-17 16:19:00,14790.706,14744.0,-4490.5596,-4351.0,46.706055,139.55957,186.26562,147.1677
2023-08-18 13:33:00,15413.666,15628.0,-5995.941,-5960.0,214.33398,35.940918,250.2749,217.3265
2023-08-18 13:33:00,14901.255,15000.0,-6188.894,-6326.0,98.74512,137.10596,235.85107,168.96342
2023-08-18 13:33:00,14780.754,14744.0,-4388.9883,-4351.0,36.753906,37.98828,74.74219,52.857914
2023-08-18 13:33:00,14998.799,15000.0,-5472.404,-5620.0,1.2011719,147.59619,148.79736,147.60107
2023-08-18 13:33:00,14298.739,14266.0,-5408.5254,-5396.0,32.739258,12.525391,45.26465,35.05345
2023-08-18 13:33:00,15011.538,15000.0,-7356.06,-7479.0,11.538086,122.93994,134.47803,123.48019
2023-08-18 13:33:00,14998.308,15000.0,-6607.0117,-6664.0,1.6923828,56.98828,58.680664,57.01341
2023-08-18 13:33:00,14992.695,15000.0,-5215.8594,-5351.0,7.3046875,135.14062,142.44531,135.3379
2023-08-18 13:33:00,14725.918,14502.0,-4484.89,-4351.0,223.91797,133.89014,357.8081,260.8943
2023-08-18 13:33:00,14496.464,14456.0,-7604.543,-7680.0,40.463867,75.45703,115.9209,85.62177
2023-08-18 13:33:00,15001.892,15000.0,-7128.0356,-7285.0,1.8916016,156.96436,158.85596,156.97575
2023-08-18 13:33:00,14347.195,14266.0,-7284.3,-7240.0,81.19531,44.299805,125.49512,92.494064
2023-08-18 13:33:00,14317.918,14266.0,-6761.485,-6842.0,51.91797,80.51514,132.4331,95.80273
2023-08-18 13:33:00,15687.88,15929.0,-5964.92,-5960.0,241.12012,4.919922,246.04004,241.1703
2023-08-18 13:33:00,14342.467,14266.0,-5997.602,-6124.0,76.4668,126.39795,202.86475,147.72818
2023-08-18 13:33:00,14322.625,14266.0,-4842.377,-5033.0,56.625,190.62305,247.24805,198.85556
2023-08-18 13:33:00,14550.764,14495.0,-6456.3643,-6283.0,55.76367,173.36426,229.12793,182.11192
2023-08-18 13:33:00,14279.564,14266.0,-5704.73,-5730.0,13.564453,25.27002,38.834473,28.680452
2023-08-18 13:33:00,14365.055,14266.0,-4613.0386,-4666.0,99.05469,52.961426,152.01611,112.32428
2023-08-18 13:33:00,14379.841,14266.0,-4537.877,-4351.0,113.84082,186.87695,300.71777,218.82123
2023-08-18 13:33:00,14986.993,15000.0,-5120.257,-5050.0,13.006836,70.256836,83.26367,71.45068
2023-08-18 13:33:00,14766.506,14740.0,-6423.682,-6283.0,26.50586,140.68213,167.18799,143.15733
2023-08-18 13:33:00,15314.617,15337.0,-6025.1187,-5960.0,22.382812,65.11865,87.501465,68.85804
2023-08-18 13:33:00,14986.084,15000.0,-7422.5645,-7680.0,13.916016,257.43555,271.35156,257.8114
2023-08-18 13:33:00,14573.929,14495.0,-6460.4053,-6611.0,78.92871,150.59473,229.52344,170.02504
2023-08-18 13:33:00,14723.222,14740.0,-6023.4443,-5981.0,16.77832,42.444336,59.222656,45.640263
2023-08-18 13:33:00,14677.13,14740.0,-6533.0396,-6611.0,62.870117,77.96045,140.83057,100.1523
2023-08-18 13:33:00,14998.798,15000.0,-6984.9233,-7017.0,1.2021484,32.07666,33.27881,32.09918
2023-08-18 13:33:00,14974.386,15000.0,-5915.7627,-5960.0,25.614258,44.237305,69.85156,51.117798
2023-08-18 13:33:00,14504.579,14495.0,-5867.2275,-5602.0,9.579102,265.22754,274.80664,265.40045
2023-08-18 13:33:00,15004.382,15000.0,-4791.343,-4351.0,4.381836,440.34277,444.7246,440.3646
2023-08-18 13:33:00,14498.274,14495.0,-5989.1885,-5981.0,3.274414,8.188477,11.462891,8.818896
2023-08-18 13:33:00,14332.909,14266.0,-7539.5957,-7680.0,66.90918,140.4043,207.31348,155.53201
2023-08-18 13:33:00,14623.863,14744.0,-7548.4795,-7680.0,120.13672,131.52051,251.65723,178.13051
2023-08-18 13:33:00,15217.887,15577.0,-5963.0093,-5061.0,359.11328,902.0093,1261.1226,970.8672
2023-08-18 13:33:00,15006.3125,15000.0,-4821.38,-4705.0,6.3125,116.37988,122.69238,116.55096
2023-08-18 13:33:00,15431.335,15323.0,-5076.7617,-5162.0,108.33496,85.23828,193.57324,137.84784
2023-08-19 10:41:00,14756.875,14502.0,-4495.966,-4351.0,254.875,144.96582,399.84082,293.21725
2023-08-19 10:41:00,14691.575,14744.0,-7576.301,-7680.0,52.424805,103.69922,156.12402,116.197624
2023-08-19 10:41:00,14596.931,14495.0,-6484.16,-6283.0,101.930664,201.16016,303.09082,225.51112
2023-08-19 10:41:00,15250.021,15323.0,-5468.788,-5162.0,72.978516,306.7881,379.7666,315.3487
2023-08-19 10:41:00,14984.768,15000.0,-5026.9453,-5050.0,15.232422,23.054688,38.28711,27.632322
2023-08-19 10:41:00,14991.427,15000.0,-7394.6924,-7680.0,8.573242,285.30762,293.88086,285.4364
2023-08-19 10:41:00,14612.619,14495.0,-6515.978,-6611.0,117.61914,95.02197,212.64111,151.2066
2023-08-19 10:41:00,14431.425,14266.0,-5685.0205,-5730.0,165.4248,44.979492,210.4043,171.4308
2023-08-19 10:41:00,14951.087,15000.0,-7301.867,-7479.0,48.913086,177.13281,226.0459,183.76213
2023-08-19 10:41:00,15021.882,15000.0,-4540.35,-4705.0,21.881836,164.6499,186.53174,166.09758
2023-08-19 10:41:00,15684.524,15577.0,-4938.7056,-5061.0,107.524414,122.29443,229.81885,162.84174
2023-08-19 10:41:00,14997.856,15000.0,-6684.511,-6664.0,2.1435547,20.51123,22.654785,20.622934
2023-08-19 10:41:00,14435.9795,14266.0,-5830.423,-6124.0,169.97949,293.57715,463.55664,339.23526
2023-08-19 10:41:00,14529.25,14495.0,-6242.2515,-5981.0,34.25,261.25146,295.50146,263.48697
2023-08-19 10:41:00,14999.317,15000.0,-7080.0645,-7285.0,0.6826172,204.93555,205.61816,204.93668
2023-08-19 10:41:00,14548.408,14266.0,-4576.9556,-4351.0,282.4082,225.95557,508.36377,361.6771
2023-08-19 10:41:00,15612.308,15929.0,-5136.3154,-5960.0,316.69238,823.6846,1140.377,882.4683
2023-08-19 10:41:00,15024.122,15000.0,-5558.8228,-5620.0,24.12207,61.177246,85.29932,65.761154
2023-08-19 10:41:00,15598.038,15628.0,-5914.178,-5960.0,29.961914,45.821777,75.78369,54.748074
2023-08-19 10:41:00,14360.764,14266.0,-4658.114,-4666.0,94.76367,7.8862305,102.6499,95.09125
2023-08-19 10:41:00,15028.149,15000.0,-5607.06,-5960.0,28.149414,352.93994,381.08936,354.06073
2023-08-19 10:41:00,15013.659,14740.0,-5612.789,-5981.0,273.65918,368.21094,641.8701,458.76862
2023-08-19 10:41:00,14967.82,15000.0,-6074.8247,-6326.0,32.179688,251.1753,283.35498,253.22827
2023-08-19 10:41:00,14465.173,14456.0,-7643.5444,-7680.0,9.172852,36.455566,45.628418,37.59188
2023-08-19 10:41:00,14773.566,14740.0,-6389.4043,-6283.0,33.566406,106.4043,139.9707,111.5732
2023-08-19 10:41:00,14997.48,15000.0,-7012.272,-7017.0,2.5195312,4.7280273,7.2475586,5.357451
2023-08-19 10:41:00,14873.1045,14744.0,-4496.3296,-4351.0,129.10449,145.32959,274.43408,194.39305
2023-08-19 10:41:00,15015.52,15000.0,-4470.51,-4351.0,15.519531,119.509766,135.0293,120.51324
2023-08-19 10:41:00,14680.182,14740.0,-6530.543,-6611.0,59.81836,80.45703,140.27539,100.25752
2023-08-19 10:41:00,15504.13,15337.0,-5940.7046,-5960.0,167.12988,19.29541,186.4253,168.24004
2023-08-19 10:41:00,14998.487,15000.0,-5253.551,-5351.0,1.5126953,97.44922,98.961914,97.46096
2023-08-19 10:41:00,14295.874,14266.0,-7548.9863,-7680.0,29.874023,131.01367,160.8877,134.37648
2023-08-19 10:41:00,14332.194,14266.0,-5003.9565,-5396.0,66.194336,392.04346,458.2378,397.59247
2023-08-19 10:41:00,14329.907,14266.0,-4823.9688,-5033.0,63.907227,209.03125,272.93848,218.58224
2023-08-19 10:41:00,14511.909,14266.0,-6652.3213,-6842.0,245.90918,189.67871,435.5879,310.56293
2023-08-19 10:41:00,14723.488,14495.0,-6077.7437,-5602.0,228.48828,475.74365,704.23193,527.7678
2023-08-19 10:41:00,14406.353,14266.0,-7118.469,-7240.0,140.35254,121.53076,261.8833,185.6571
2023-08-21 14:44:00,14303.76,14266.0,-5490.1025,-5396.0,37.759766,94.10254,131.8623,101.3957
2023-08-21 14:44:00,14974.713,14744.0,-7508.2856,-7680.0,230.71289,171.71436,402.42725,287.60086
2023-08-21 14:44:00,14226.412,14266.0,-6914.626,-6842.0,39.58789,72.62598,112.21387,82.714775
2023-08-21 14:44:00,15490.84,15337.0,-6002.197,-5960.0,153.83984,42.196777,196.03662,159.52199
2023-08-21 14:44:00,14638.181,14740.0,-6521.628,-6611.0,101.819336,89.37207,191.1914,135.47894
2023-08-21 14:44:00,15003.861,15000.0,-7283.978,-7285.0,3.8613281,1.0219727,4.883301,3.9942813
2023-08-21 14:44:00,14524.938,14495.0,-6317.046,-6611.0,29.938477,293.9541,323.89258,295.47476
2023-08-21 14:44:00,14327.399,14266.0,-4596.7476,-4351.0,61.399414,245.74756,307.14697,253.3017
2023-08-21 14:44:00,14627.225,14740.0,-6429.6807,-6283.0,112.77539,146.68066,259.45605,185.023
2023-08-21 14:44:00,14497.953,14495.0,-6147.743,-6283.0,2.953125,135.25684,138.20996,135.28908
2023-08-21 14:44:00,14224.143,14266.0,-7147.1562,-7240.0,41.85742,92.84375,134.70117,101.84305
2023-08-21 14:44:00,14992.153,15000.0,-5002.3604,-5050.0,7.8466797,47.63965,55.48633,48.281532
2023-08-21 14:44:00,15394.5625,15323.0,-5143.4517,-5162.0,71.5625,18.54834,90.11084,73.92721
2023-08-21 14:44:00,14474.214,14495.0,-5701.9253,-5602.0,20.786133,99.92529,120.711426,102.06433
2023-08-21 14:44:00,14993.981,15000.0,-6428.0347,-6326.0,6.0185547,102.03467,108.05322,102.21201
2023-08-21 14:44:00,15968.32,15929.0,-5974.2686,-5960.0,39.320312,14.268555,53.588867,41.82916
2023-08-21 14:44:00,14978.302,15000.0,-7431.678,-7680.0,21.698242,248.32178,270.02002,249.26797
2023-08-21 14:44:00,14340.247,14266.0,-4995.62,-4666.0,74.24707,329.62012,403.8672,337.87875
2023-08-21 14:44:00,15098.23,15000.0,-5586.702,-5960.0,98.23047,373.29785,471.52832,386.00583
2023-08-21 14:44:00,15016.867,15000.0,-4664.3564,-4351.0,16.867188,313.35645,330.22363,313.8101
2023-08-21 14:44:00,15446.223,15577.0,-5455.7856,-5061.0,130.77734,394.78564,525.563,415.8827
2023-08-21 14:44:00,14991.221,15000.0,-7262.316,-7017.0,8.779297,245.31592,254.09521,245.47296
2023-08-21 14:44:00,15012.483,15000.0,-5386.096,-5620.0,12.483398,233.90381,246.3872,234.2367
2023-08-21 14:44:00,14719.633,14744.0,-4531.1904,-4351.0,24.367188,180.19043,204.55762,181.83055
2023-08-21 14:44:00,14976.689,15000.0,-6707.53,-6664.0,23.310547,43.529785,66.84033,49.378372
2023-08-21 14:44:00,14263.558,14266.0,-5271.7324,-5033.0,2.4423828,238.73242,241.1748,238.74492
2023-08-21 14:44:00,14468.413,14495.0,-5745.896,-5981.0,26.586914,235.104,261.69092,236.60252
2023-08-21 14:44:00,14569.384,14502.0,-4465.005,-4351.0,67.38379,114.00488,181.38867,132.42993
2023-08-21 14:44:00,14268.935,14266.0,-5605.059,-5730.0,2.9345703,124.94092,127.87549,124.97538
2023-08-21 14:44:00,14558.471,14456.0,-7488.959,-7680.0,102.4707,191.04102,293.51172,216.78772
2023-08-21 14:44:00,14772.827,14740.0,-6074.045,-5981.0,32.82715,93.04492,125.87207,98.666
2023-08-21 14:44:00,14316.47,14266.0,-5927.135,-6124.0,50.469727,196.86523,247.33496,203.23169
2023-08-21 14:44:00,14986.827,15000.0,-7303.305,-7479.0,13.172852,175.69482,188.86768,176.18796
2023-08-21 14:44:00,14994.174,15000.0,-5107.0723,-5351.0,5.826172,243.92773,249.7539,243.9973
2023-08-21 14:44:00,14296.385,14266.0,-7508.9233,-7680.0,30.384766,171.07666,201.46143,173.75401
2023-08-21 14:44:00,15942.321,15628.0,-5973.809,-5960.0,314.3213,13.809082,328.13037,314.62448
2023-08-21 14:44:00,14997.585,15000.0,-4897.961,-4705.0,2.415039,192.96094,195.37598,192.97604
2023-08-22 15:26:00,14995.177,15000.0,-6745.6543,-6664.0,4.823242,81.6543,86.47754,81.79662
2023-08-22 15:26:00,14989.889,15000.0,-5166.646,-5050.0,10.111328,116.645996,126.757324,117.08342
2023-08-22 15:26:00,15008.429,15000.0,-5606.582,-5620.0,8.428711,13.417969,21.84668,15.845663
2023-08-22 15:26:00,14312.819,14266.0,-7164.7397,-7240.0,46.819336,75.260254,122.07959,88.634964
2023-08-22 15:26:00,15020.14,15000.0,-4655.9297,-4705.0,20.139648,49.070312,69.20996,53.042446
2023-08-22 15:26:00,14998.779,15000.0,-5284.6978,-5351.0,1.2207031,66.302246,67.52295,66.313484
2023-08-22 15:26:00,14397.798,14266.0,-6626.404,-6842.0,131.79785,215.59619,347.39404,252.6903
2023-08-22 15:26:00,15002.012,15000.0,-7475.945,-7680.0,2.0117188,204.05518,206.0669,204.0651
2023-08-22 15:26:00,14661.747,14456.0,-7550.1025,-7680.0,205.74707,129.89746,335.64453,243.3212
2023-08-22 15:26:00,15005.848,15000.0,-4653.321,-4351.0,5.8476562,302.3208,308.16846,302.37735
2023-08-22 15:26:00,14977.975,14744.0,-7494.7363,-7680.0,233.97461,185.26367,419.23828,298.44052
2023-08-22 15:26:00,15011.297,15000.0,-7232.2773,-7285.0,11.296875,52.722656,64.01953,53.919365
2023-08-22 15:26:00,15013.152,15000.0,-5943.8237,-5960.0,13.152344,16.17627,29.328613,20.8484
2023-08-22 15:26:00,14998.113,15000.0,-7003.839,-7017.0,1.8867188,13.161133,15.047852,13.295681
2023-08-22 15:26:00,14391.814,14266.0,-7514.621,-7680.0,125.81445,165.3789,291.19336,207.79668
2023-08-22 15:26:00,14991.293,15000.0,-7354.1826,-7479.0,8.707031,124.81738,133.52441,125.120705
2023-08-22 15:26:00,15017.485,15000.0,-6218.729,-6326.0,17.485352,107.270996,124.75635,108.68672
2023-08-22 15:30:00,14719.569,14744.0,-4603.7354,-4351.0,24.430664,252.73535,277.16602,253.91339
2023-08-22 15:30:00,14731.37,14740.0,-6088.6504,-5981.0,8.629883,107.65039,116.28027,107.99574
2023-08-22 15:30:00,14600.296,14495.0,-6504.446,-6611.0,105.2959,106.5542,211.8501,149.80328
2023-08-22 15:30:00,15426.098,15628.0,-5390.744,-5960.0,201.90234,569.25586,771.1582,604.0007
2023-08-22 15:30:00,14332.037,14266.0,-4698.1504,-4351.0,66.03711,347.1504,413.1875,353.37555
2023-08-22 15:30:00,15434.003,15577.0,-5476.797,-5061.0,142.99707,415.79688,558.79395,439.699
2023-08-22 15:30:00,14337.996,14266.0,-5022.4688,-4666.0,71.99609,356.46875,428.46484,363.66663
2023-08-22 15:30:00,14609.618,14495.0,-6331.606,-6283.0,114.618164,48.605957,163.22412,124.49844
2023-08-22 15:30:00,14315.39,14266.0,-5907.1074,-5730.0,49.38965,177.10742,226.49707,183.8651
2023-08-22 15:30:00,14461.825,14502.0,-4624.7954,-4351.0,40.174805,273.7954,313.9702,276.7272
2023-08-22 15:30:00,15299.036,15323.0,-5293.9326,-5162.0,23.963867,131.93262,155.89648,134.09132
2023-08-22 15:30:00,14688.242,14740.0,-6580.054,-6611.0,51.757812,30.9458,82.70361,60.303513
2023-08-22 15:30:00,14496.701,14495.0,-6023.2227,-5602.0,1.7011719,421.22266,422.92383,421.2261
2023-08-22 15:30:00,15189.671,15337.0,-6033.743,-5960.0,147.3291,73.743164,221.07227,164.75412
2023-08-22 15:30:00,14365.501,14266.0,-5513.4526,-5396.0,99.50098,117.45264,216.95361,153.93364
2023-08-22 15:30:00,14330.224,14266.0,-5200.3755,-5033.0,64.22363,167.37549,231.59912,179.27417
2023-08-22 15:30:00,14428.528,14266.0,-5991.649,-6124.0,162.52832,132.35107,294.8794,209.60025
2023-08-22 15:30:00,14504.455,14495.0,-6107.0073,-5981.0,9.455078,126.007324,135.4624,126.361565
2023-08-22 15:30:00,15436.39,15929.0,-5753.729,-5960.0,492.61035,206.271,698.88135,534.0531
2023-08-22 15:30:00,14638.801,14740.0,-6547.3174,-6283.0,101.19922,264.31738,365.5166,283.0282
2023-08-23 16:44:00,15075.458,15000.0,-5801.5566,-5960.0,75.45801,158.44336,233.90137,175.49419
2023-08-23 16:44:00,14487.353,14495.0,-6103.7446,-5981.0,7.647461,122.74463,130.39209,122.98263
2023-08-23 16:44:00,14352.671,14266.0,-5090.5186,-4666.0,86.6709,424.51855,511.18945,433.27573
2023-08-23 16:44:00,15011.117,15000.0,-7350.329,-7479.0,11.1171875,128.6709,139.78809,129.15027
2023-08-23 16:44:00,14996.966,15000.0,-5286.0713,-5351.0,3.0341797,64.92871,67.96289,64.999565
2023-08-23 16:44:00,15009.687,15000.0,-5644.7207,-5620.0,9.686523,24.720703,34.407227,26.550741
2023-08-23 16:44:00,14991.945,15000.0,-6670.0117,-6664.0,8.0546875,6.0117188,14.066406,10.050809
2023-08-23 16:44:00,14558.02,14495.0,-6471.144,-6611.0,63.01953,139.85596,202.87549,153.39867
2023-08-23 16:44:00,15011.8545,15000.0,-4752.1772,-4705.0,11.854492,47.177246,59.03174,48.643826
2023-08-23 16:44:00,14989.952,15000.0,-5010.7583,-5050.0,10.047852,39.2417,49.28955,40.50766
2023-08-23 16:44:00,14870.569,14456.0,-7525.5938,-7680.0,414.56934,154.40625,568.9756,442.39014
2023-08-23 16:44:00,15011.047,15000.0,-7202.806,-7285.0,11.046875,82.19385,93.24072,82.93288
2023-08-23 16:44:00,14486.68,14495.0,-5905.942,-5602.0,8.3203125,303.9419,312.2622,304.05576
2023-08-23 16:44:00,14325.712,14266.0,-4654.7173,-4351.0,59.711914,303.7173,363.4292,309.53143
2023-08-23 16:44:00,14516.678,14495.0,-6414.138,-6283.0,21.677734,131.13818,152.81592,132.91782
2023-08-23 16:44:00,14690.837,14740.0,-6514.802,-6611.0,49.163086,96.19824,145.36133,108.03291
2023-08-23 16:44:00,14606.853,14502.0,-4491.6265,-4351.0,104.85254,140.62646,245.479,175.41339
2023-08-23 16:44:00,14999.993,15000.0,-4625.113,-4351.0,0.0068359375,274.1128,274.11963,274.1128
2023-08-23 16:44:00,15014.164,15000.0,-7420.5674,-7680.0,14.1640625,259.43262,273.59668,259.81897
2023-08-23 16:44:00,14977.974,15000.0,-6198.1436,-6326.0,22.026367,127.856445,149.88281,129.73987
2023-08-23 16:44:00,14239.352,14266.0,-7270.3047,-7240.0,26.648438,30.304688,56.953125,40.354843
2023-08-23 16:44:00,14357.856,14266.0,-5938.983,-6124.0,91.856445,185.01709,276.87354,206.56459
2023-08-23 16:44:00,14797.781,14740.0,-6523.0864,-6283.0,57.78125,240.08643,297.86768,246.94162
2023-08-23 16:44:00,14298.907,14266.0,-5187.5615,-5033.0,32.907227,154.56152,187.46875,158.02579
2023-08-23 16:44:00,14355.357,14266.0,-7640.9106,-7680.0,89.35742,39.089355,128.44678,97.53321
2023-08-23 16:44:00,15543.859,15929.0,-5957.17,-5960.0,385.14062,2.8300781,387.9707,385.15103
2023-08-23 16:44:00,15537.758,15628.0,-5973.8887,-5960.0,90.24219,13.888672,104.13086,91.304695
2023-08-23 16:44:00,15000.407,15000.0,-6989.9604,-7017.0,0.40722656,27.03955,27.446777,27.042618
2023-08-23 16:44:00,15433.286,15337.0,-5958.3335,-5960.0,96.28613,1.6665039,97.95264,96.30055
2023-08-23 16:44:00,14776.261,14744.0,-4478.4053,-4351.0,32.260742,127.40527,159.66602,131.42625
2023-08-23 16:44:00,14358.301,14266.0,-5742.8296,-5730.0,92.30078,12.82959,105.13037,93.18816
2023-08-23 16:44:00,14764.875,14740.0,-6051.281,-5981.0,24.875,70.28076,95.15576,74.55301
2023-08-23 16:44:00,14977.919,14744.0,-7483.9375,-7680.0,233.91895,196.0625,429.98145,305.2189
2023-08-23 16:44:00,15421.402,15323.0,-5136.9917,-5162.0,98.40234,25.0083,123.410645,101.53047
2023-08-23 16:44:00,15450.718,15577.0,-5731.7812,-5061.0,126.28223,670.78125,797.0635,682.56476
2023-08-23 16:44:00,14321.573,14266.0,-5375.5356,-5396.0,55.573242,20.464355,76.0376,59.22141
2023-08-23 16:44:00,14294.511,14266.0,-6835.803,-6842.0,28.510742,6.1967773,34.70752,29.176403
2023-08-24 12:58:00,14297.071,14266.0,-7517.8315,-7680.0,31.07129,162.16846,193.23975,165.11824
2023-08-24 12:58:00,14383.41,14456.0,-7545.694,-7680.0,72.58984,134.30615,206.896,152.66771
2023-08-24 12:58:00,14724.388,14740.0,-6470.9873,-6283.0,15.612305,187.9873,203.59961,188.63449
2023-08-24 12:58:00,15020.225,15000.0,-5598.814,-5620.0,20.22461,21.186035,41.410645,29.289639
2023-08-24 12:58:00,14280.402,14266.0,-5369.355,-5033.0,14.402344,336.35498,350.75732,336.66318
2023-08-24 12:58:00,15017.981,15000.0,-7508.798,-7680.0,17.981445,171.20215,189.1836,172.14386
2023-08-24 12:58:00,14334.339,14266.0,-4726.5664,-4351.0,68.33887,375.5664,443.90527,381.7333
2023-08-24 12:58:00,15482.409,15337.0,-5836.6104,-5960.0,145.40918,123.38965,268.79883,190.70615
2023-08-24 12:58:00,14509.409,14495.0,-6261.788,-5981.0,14.40918,280.7881,295.19727,281.15756
2023-08-24 12:58:00,14707.757,14744.0,-4474.86,-4351.0,36.243164,123.85986,160.10303,129.0536
2023-08-24 12:58:00,14294.157,14266.0,-5509.371,-5396.0,28.157227,113.37109,141.52832,116.815384
2023-08-24 12:58:00,14246.677,14266.0,-5703.127,-5730.0,19.323242,26.873047,46.19629,33.099068
2023-08-24 12:58:00,15002.542,15000.0,-7047.533,-7017.0,2.5419922,30.533203,33.075195,30.638836
2023-08-24 12:58:00,14628.527,14740.0,-6470.378,-6611.0,111.47266,140.62207,252.09473,179.44559
2023-08-24 12:58:00,15008.056,15000.0,-4706.188,-4351.0,8.055664,355.188,363.24365,355.27933
2023-08-24 12:58:00,14293.085,14266.0,-6781.091,-6842.0,27.08496,60.90918,87.99414,66.65976
2023-08-24 12:58:00,15012.267,15000.0,-4787.9277,-4705.0,12.266602,82.927734,95.194336,83.83006
2023-08-24 12:58:00,14892.519,14744.0,-7497.1187,-7680.0,148.51855,182.88135,331.3999,235.59149
2023-08-24 12:58:00,15513.431,15577.0,-5477.721,-5061.0,63.569336,416.7212,480.29053,421.54193
2023-08-24 12:58:00,15000.601,15000.0,-6802.2954,-6664.0,0.60058594,138.29541,138.896,138.29672
2023-08-24 12:58:00,14529.18,14495.0,-6177.586,-5602.0,34.179688,575.58594,609.7656,576.59985
2023-08-24 12:58:00,15005.505,15000.0,-5975.682,-5960.0,5.504883,15.682129,21.187012,16.620256
2023-08-24 12:58:00,14824.047,14740.0,-6091.518,-5981.0,84.046875,110.51807,194.56494,138.84567
2023-08-24 12:58:00,14535.753,14502.0,-4472.2515,-4351.0,33.75293,121.251465,155.0044,125.86174
2023-08-24 12:58:00,15328.047,15323.0,-5152.362,-5162.0,5.046875,9.638184,14.685059,10.879593
2023-08-24 12:58:00,14990.266,15000.0,-5158.5034,-5050.0,9.734375,108.50342,118.23779,108.9392
2023-08-24 12:58:00,15007.189,15000.0,-7165.429,-7285.0,7.189453,119.5708,126.760254,119.78675
2023-08-24 12:58:00,15016.238,15000.0,-7407.278,-7479.0,16.238281,71.72217,87.96045,73.537415
2023-08-24 12:58:00,14326.883,14266.0,-5005.2886,-4666.0,60.882812,339.28857,400.1714,344.7078
2023-08-24 12:58:00,15076.153,15000.0,-5920.725,-6326.0,76.15332,405.2749,481.42822,412.36765
2023-08-24 12:58:00,14513.068,14495.0,-6298.508,-6283.0,18.06836,15.5078125,33.57617,23.810877
2023-08-24 12:58:00,14287.733,14266.0,-6002.473,-6124.0,21.733398,121.526855,143.26025,123.45492
2023-08-24 12:58:00,15927.163,15929.0,-5972.1143,-5960.0,1.8369141,12.114258,13.951172,12.252734
2023-08-24 12:58:00,14269.656,14266.0,-7222.799,-7240.0,3.65625,17.201172,20.857422,17.585463
2023-08-24 12:58:00,15837.6455,15628.0,-5968.2656,-5960.0,209.64551,8.265625,217.91113,209.80838
2023-08-24 12:58:00,14524.037,14495.0,-6389.536,-6611.0,29.03711,221.46387,250.50098,223.35934
2023-08-24 12:58:00,14995.551,15000.0,-5250.8687,-5351.0,4.4492188,100.13135,104.58057,100.23015
2023-08-25 10:18:00,15059.987,15323.0,-5625.9004,-5162.0,263.0127,463.9004,726.9131,533.2722
2023-08-25 10:18:00,15003.438,15000.0,-7240.363,-7285.0,3.4384766,44.637207,48.075684,44.769447
2023-08-25 10:18:00,14697.986,14740.0,-6389.1045,-6283.0,42.01367,106.10449,148.11816,114.11973
2023-08-25 10:18:00,15002.813,15000.0,-7319.946,-7479.0,2.8134766,159.0542,161.86768,159.07909
2023-08-25 10:18:00,14965.916,14740.0,-5549.233,-5981.0,225.91602,431.7671,657.6831,487.29956
2023-08-25 10:18:00,14839.417,14744.0,-4528.927,-4351.0,95.41699,177.92676,273.34375,201.89685
2023-08-25 10:18:00,14310.619,14266.0,-4922.5757,-4666.0,44.61914,256.57568,301.19482,260.42648
2023-08-25 10:18:00,14298.323,14266.0,-5901.517,-5730.0,32.323242,171.51709,203.84033,174.53625
2023-08-25 10:18:00,14589.904,14740.0,-6369.8027,-6611.0,150.0957,241.19727,391.29297,284.08597
2023-08-25 10:18:00,14534.805,14456.0,-7562.469,-7680.0,78.80469,117.53076,196.33545,141.50497
2023-08-25 10:18:00,14356.935,14266.0,-5356.554,-5396.0,90.93457,39.4458,130.38037,99.121475
2023-08-25 10:18:00,15166.423,15000.0,-5638.952,-5960.0,166.42285,321.04785,487.4707,361.619
2023-08-25 10:18:00,14343.056,14266.0,-5227.0317,-5033.0,77.055664,194.03174,271.0874,208.77234
2023-08-25 10:18:00,14323.784,14266.0,-6023.005,-6124.0,57.78418,100.99512,158.7793,116.357315
2023-08-25 10:18:00,14590.469,14495.0,-6476.3823,-6611.0,95.46875,134.61768,230.08643,165.03394
2023-08-25 10:18:00,15000.916,15000.0,-6966.101,-7017.0,0.9160156,50.898926,51.81494,50.90717
2023-08-25 10:18:00,14992.371,15000.0,-5195.8315,-5050.0,7.6289062,145.83154,153.46045,146.03096
2023-08-25 10:18:00,15857.698,15929.0,-5953.403,-5960.0,71.30176,6.597168,77.898926,71.60631
2023-08-25 10:18:00,14988.916,15000.0,-5028.2944,-4705.0,11.083984,323.29443,334.37842,323.48438
2023-08-25 10:18:00,14984.938,14744.0,-7523.315,-7680.0,240.93848,156.68506,397.62354,287.40488
2023-08-25 10:18:00,14318.747,14266.0,-4697.803,-4351.0,52.74707,346.80322,399.5503,350.79156
2023-08-25 10:18:00,15259.616,15000.0,-5516.7744,-6326.0,259.6162,809.2256,1068.8418,849.85095
2023-08-25 10:18:00,14500.422,14495.0,-6218.1133,-6283.0,5.421875,64.88672,70.30859,65.11285
2023-08-25 10:18:00,14509.654,14495.0,-6019.232,-5602.0,14.654297,417.23193,431.88623,417.4892
2023-08-25 10:18:00,14367.769,14266.0,-7199.1953,-7240.0,101.768555,40.804688,142.57324,109.64425
2023-08-25 10:18:00,15522.501,15337.0,-5955.0977,-5960.0,185.50098,4.9023438,190.40332,185.56573
2023-08-25 10:18:00,15004.281,15000.0,-5555.9536,-5620.0,4.28125,64.04639,68.32764,64.189316
2023-08-25 10:18:00,14343.889,14266.0,-7577.9834,-7680.0,77.88867,102.0166,179.90527,128.3512
2023-08-25 10:18:00,14997.75,15000.0,-4875.2095,-4351.0,2.25,524.2095,526.4595,524.2143
2023-08-25 10:18:00,14508.289,14495.0,-6110.6,-5981.0,13.2890625,129.6001,142.88916,130.27965
2023-08-25 10:18:00,15810.251,15628.0,-5893.0415,-5960.0,182.25098,66.958496,249.20947,194.16194
2023-08-25 10:18:00,14438.594,14266.0,-6560.636,-6842.0,172.59375,281.36377,453.95752,330.08206
2023-08-25 10:18:00,15487.275,15577.0,-5291.856,-5061.0,89.72461,230.85596,320.58057,247.67918
2023-08-25 10:18:00,15021.303,15000.0,-6181.7573,-6664.0,21.302734,482.24268,503.5454,482.71298
2023-08-25 10:18:00,14675.78,14502.0,-4529.4517,-4351.0,173.78027,178.45166,352.23193,249.0875
2023-08-25 10:18:00,15013.681,15000.0,-7442.76,-7680.0,13.680664,237.24023,250.9209,237.63437
2023-08-25 10:18:00,14997.284,15000.0,-5287.861,-5351.0,2.7158203,63.13916,65.85498,63.19754
